,MMSE,MMSE,CDRSB,CDRSB,ADAS11,ADAS11,ADAS13,ADAS13
,mean,std,mean,std,mean,std,mean,std
Cluster,,,,,,,,
0,26.99166319299708,3.1842131216799157,1.716965402250938,2.2914534166522778,10.512005002084202,7.278000218417903,16.37680283451438,10.482144287538663
1,3.0,1.7320508075688774,15.2,1.6431676725154984,60.2,6.760177512462229,75.2,6.760177512462229
2,12.333333333333334,2.449489742783178,9.222222222222221,1.7873008824606016,48.59222222222222,5.929927861656029,62.92555555555556,6.328694792591738
3,9.333333333333334,1.8618986725025257,14.666666666666666,1.5055453054181618,47.833333333333336,6.369196704975179,62.333333333333336,6.592925501373929
