,MMSE,MMSE,CDRSB,CDRSB,ADAS11,ADAS11,ADAS13,ADAS13
,mean,std,mean,std,mean,std,mean,std
Cluster,,,,,,,,
0,26.675324675324674,1.7535875909777905,1.7106782106782106,1.1201265548602763,11.937099567099567,2.972058819632494,19.39258297258297,4.291269412901354
1,22.79310344827586,2.3844922677392537,4.661803713527852,1.731382713228657,20.121087533156498,4.581772354653903,30.678992042440317,5.476570555114692
2,28.99919871794872,1.1073130090513676,0.3942307692307692,0.6574710738441878,5.465472756410256,2.371787756534697,8.613445512820514,3.6759704744278303
3,16.485148514851485,4.883879321576525,9.217821782178218,3.7298899726293255,35.29366336633663,10.19375904392215,48.01643564356436,11.42858482789172
