Cluster,CN,Dementia,MCI
0,37.14884696016772,20.251572327044027,42.59958071278826
1,0.0,100.0,0.0
2,0.0,100.0,0.0
3,0.0,100.0,0.0
