,MMSE,CDRSB,ADAS11,ADAS13
Combined Measure 1,-0.4908561519584799,0.4795380881940523,0.5141095569678962,0.5145821834167806
Combined Measure 2,-0.2486614576787191,0.7230293495903999,-0.4612870164769911,-0.4501225694471841
